epoch,train_loss,valid_loss,accuracy,f1_score,time
0,2.736943006515503,2.1798806190490723,0.393216073513031,0.39321608040201006,02:57
