epoch,train_loss,valid_loss,accuracy,f1_score,time
0,2.7631189823150635,2.11025333404541,0.41608041524887085,0.41608040201005025,02:55
