epoch,train_loss,valid_loss,accuracy,f1_score,time
0,3.016174554824829,2.6242668628692627,0.2823411226272583,0.28234112032152725,02:19
