epoch,train_loss,valid_loss,accuracy,f1_score,time
0,2.7406468391418457,2.123959541320801,0.3997487425804138,0.399748743718593,02:49
