epoch,train_loss,valid_loss,accuracy,f1_score,time
0,3.164975166320801,3.994730234146118,0.09093192964792252,0.09093192665159508,02:21
