epoch,train_loss,valid_loss,accuracy,f1_score,time
0,2.7189574241638184,2.0777575969696045,0.43140703439712524,0.4314070351758794,02:49
